,id_salarié,Ancienneté_an,Distance domicile/Travail,Service,Work_accident,Niveau de satisfaction
0,16000206-8278,12.6,59,Marketing,Non,67
1,16011205-0331,11.8,31,Commercial,Oui,66
2,16020327-1465,11.9,65,RH,Non,59
3,16020701-3376,10.2,59,Compta Finances,Non,60
4,16020725-8401,7.9,59,Consultant,Non,34
5,16021124-8356,8.6,34,RH,Oui,84
6,16021125-4271,14.9,36,Commercial,Non,62
7,16030220-7121,6.3,23,Consultant,Non,69
8,16030828-8604,18.2,23,Commercial,Oui,54
9,16031007-1667,23.1,49,Commercial,Oui,31
10,16050210-5695,23.8,40,Consultant,Non,9
11,16050407-7405,6.7,7,RH,Non,35
12,16050619-6252,23.9,70,Commercial,Oui,38
13,16050721-8014,18.6,16,RH,Non,30
14,16060812-9664,20.5,61,Compta Finances,Oui,70
15,16080130-8107,24.1,28,Marketing,Non,54
16,16080411-7877,13.3,17,Consultant,Non,9
17,16080824-2457,15.2,62,Compta Finances,Non,96
18,16081104-1011,1.1,31,Compta Finances,Non,18
19,16081120-1045,9.1,46,Consultant,Non,7
20,16090206-9129,10.3,38,Consultant,Oui,25
21,16090608-0239,19.5,30,RH,Non,73
22,16090824-7661,9.9,48,Marketing,Non,17
23,16091122-3147,1.1,14,Consultant,Non,81
24,16100329-5753,7.9,27,RH,Oui,42
25,16100419-9707,5.2,5,RH,Non,62
26,16100424-1459,18.6,49,Compta Finances,Non,100
27,16100606-3398,10.3,11,Compta Finances,Oui,44
28,16100719-6502,16.5,47,Compta Finances,Non,53
29,16101212-2048,13.8,51,Commercial,Non,19
30,16110307-6129,13.8,63,Commercial,Oui,81
31,16111023-3358,13.1,19,Marketing,Oui,89
32,16111130-1717,16.2,69,Commercial,Oui,41
33,16130305-6954,24.7,30,Consultant,Non,51
34,16140409-8707,3.0,6,Commercial,Non,41
35,16141213-3603,4.6,51,Commercial,Oui,3
36,16160206-9161,6.2,61,Consultant,Non,24
37,16170310-5534,14.3,65,Compta Finances,Non,94
38,16170623-3887,16.2,19,RH,Non,15
39,16170926-3188,6.0,12,R&D,Oui,30
40,16181114-4680,12.5,53,Compta Finances,Non,55
41,16181212-5860,3.4,42,Consultant,Oui,60
42,16181217-7101,16.2,47,RH,Oui,98
43,16190724-3065,17.4,41,Consultant,Oui,68
44,16200506-8370,19.2,35,Commercial,Oui,74
45,16211102-1297,21.2,44,Consultant,Non,89
46,16220127-8625,16.9,65,Consultant,Oui,36
47,16220420-6227,24.2,62,Consultant,Oui,60
48,16220428-5924,7.0,29,Consultant,Non,68
49,16221207-5101,14.2,4,Consultant,Oui,42
50,16230105-6343,19.1,50,Consultant,Oui,99
51,16230523-1322,8.1,59,Compta Finances,Non,93
52,16230718-4297,24.8,44,Compta Finances,Oui,47
53,16231022-5566,6.4,68,RH,Oui,32
54,16240230-3065,19.0,13,RH,Non,3
55,16240920-3425,8.2,3,Commercial,Non,63
56,16241106-8329,6.7,20,Marketing,Oui,69
57,16241218-7045,7.2,28,Consultant,Oui,13
58,16250316-9381,15.8,68,Compta Finances,Oui,25
59,16260415-5834,4.2,39,R&D,Oui,32
60,16260907-1895,14.0,44,Marketing,Non,40
61,16270818-3112,4.4,43,RH,Non,20
62,16281009-4371,5.5,67,Compta Finances,Non,66
63,16290104-5498,7.9,28,R&D,Oui,77
64,16290605-1228,13.8,68,Marketing,Non,59
65,16290714-4014,6.6,58,Consultant,Non,92
66,16300407-2348,5.7,24,Consultant,Non,87
67,16300713-6405,7.2,59,Consultant,Oui,72
68,16301213-1524,1.8,59,Consultant,Non,59
69,16301226-6122,19.3,41,Marketing,Oui,69
70,16310121-8257,14.9,6,Commercial,Non,52
71,16310403-3810,9.3,57,Compta Finances,Oui,4
72,16311229-8504,17.3,69,RH,Non,47
73,16320710-7636,22.6,43,R&D,Non,41
74,16320910-2411,14.3,31,Commercial,Oui,31
75,16320923-9437,15.1,34,RH,Non,55
76,16330117-4748,3.8,53,Commercial,Non,58
77,16330528-4048,13.9,50,Commercial,Oui,15
78,16340716-8222,21.1,22,Commercial,Non,15
79,16340806-9395,9.9,45,Commercial,Oui,1
80,16341225-2086,22.7,59,Compta Finances,Oui,6
81,16341230-0471,23.3,48,R&D,Oui,57
82,16350127-5733,24.2,9,Commercial,Oui,86
83,16350925-6446,5.5,46,Compta Finances,Non,31
84,16360125-5924,24.7,53,Commercial,Non,61
85,16360616-0509,4.8,33,Compta Finances,Non,14
86,16360827-6352,3.5,61,Compta Finances,Non,44
87,16360908-7378,10.6,18,Commercial,Non,84
88,16370212-9440,23.3,60,R&D,Oui,54
89,16370717-6461,10.8,44,Marketing,Oui,73
90,16381004-1917,21.2,49,RH,Non,47
91,16390127-6224,23.9,52,RH,Oui,29
92,16390301-2403,24.0,55,RH,Oui,95
93,16400112-6921,15.6,36,Marketing,Non,37
94,16400120-2136,5.8,61,Consultant,Oui,94
95,16400410-2770,20.0,57,Commercial,Oui,44
96,16400510-0542,19.0,7,Consultant,Oui,8
97,16410407-6098,7.4,5,Compta Finances,Non,84
98,16410421-3634,14.9,13,RH,Oui,99
99,16411102-7886,11.8,46,RH,Non,49
100,16420516-7234,7.5,70,RH,Oui,86
101,16420625-3827,9.3,35,Consultant,Non,62
102,16421009-6154,21.1,5,Consultant,Non,59
103,16421204-6850,8.7,60,Compta Finances,Oui,26
104,16430518-1481,20.2,65,Consultant,Oui,63
105,16430903-4405,8.8,13,Marketing,Non,25
106,16431025-4026,22.8,62,Consultant,Non,34
107,16431030-6354,8.3,63,Consultant,Non,50
108,16431129-7214,22.2,28,RH,Non,63
109,16440228-5151,2.9,3,Consultant,Non,2
110,16440819-3466,17.0,28,Commercial,Oui,42
111,16441109-5385,1.2,12,Consultant,Non,100
112,16450910-7050,9.8,22,RH,Non,77
113,16451016-1336,0.3,42,Marketing,Non,25
114,16451112-4747,21.8,31,Marketing,Oui,75
115,16460313-0032,12.6,33,Consultant,Oui,82
116,16460821-8733,18.7,26,Commercial,Oui,48
117,16460901-5575,13.2,44,Consultant,Non,37
118,16460901-9957,13.7,34,Compta Finances,Oui,40
119,16461115-9486,10.2,35,Marketing,Non,92
120,16470418-3807,13.0,26,Compta Finances,Oui,78
121,16490707-4639,16.2,55,Marketing,Oui,51
122,16491209-6288,20.5,45,Commercial,Oui,7
123,16500419-9062,11.7,68,RH,Oui,69
124,16500514-6310,21.9,55,Commercial,Non,77
125,16510216-5973,5.9,23,Marketing,Non,37
126,16520121-8566,20.6,64,RH,Oui,11
127,16520612-7770,24.4,39,R&D,Oui,32
128,16530329-9431,19.4,38,Commercial,Non,44
129,16540514-9153,15.7,69,Compta Finances,Non,48
130,16540728-0337,1.8,6,Compta Finances,Non,84
131,16550903-3725,10.0,16,RH,Oui,58
132,16550904-2932,24.2,58,Marketing,Non,29
133,16551001-4151,24.3,35,Commercial,Non,47
134,16560103-9174,23.5,14,Consultant,Oui,66
135,16560122-3612,22.7,4,Marketing,Non,45
136,16560125-0110,22.6,47,Commercial,Non,95
137,16560416-4227,10.5,56,Commercial,Non,13
138,16560517-2740,6.3,29,Commercial,Oui,14
139,16560624-9059,11.7,54,Compta Finances,Oui,96
140,16560730-2626,22.8,67,R&D,Oui,4
141,16571101-6617,23.2,29,Commercial,Oui,39
142,16580220-7323,12.4,41,Marketing,Non,32
143,16581203-8213,9.2,65,Consultant,Oui,5
144,16590417-5196,22.2,37,Compta Finances,Non,52
145,16590918-0399,21.5,55,RH,Oui,87
146,16600521-9024,12.5,11,Consultant,Non,69
147,16600811-0956,14.2,8,Compta Finances,Non,28
148,16600919-9578,17.2,48,Commercial,Oui,40
149,16601210-4086,22.3,37,Marketing,Non,74
150,16610522-9428,5.2,34,Compta Finances,Non,42
151,16610722-2223,10.0,21,Commercial,Oui,42
152,16610809-8713,11.9,16,Compta Finances,Non,68
153,16611004-8219,10.2,42,Commercial,Non,98
154,16620412-8323,11.7,43,Consultant,Non,1
155,16620606-6349,20.4,9,RH,Non,39
156,16620809-2681,5.6,7,Consultant,Oui,33
157,16621028-8244,17.3,45,Commercial,Non,21
158,16630411-0916,16.4,23,Compta Finances,Non,44
159,16640209-4004,7.1,38,Consultant,Non,80
160,16640301-8754,4.2,65,Marketing,Oui,40
161,16640715-7632,12.7,16,RH,Oui,84
162,16640904-2246,4.4,67,Consultant,Oui,81
163,16650614-4689,19.3,23,RH,Non,23
164,16660325-6006,9.7,28,Consultant,Oui,39
165,16660922-3489,5.3,30,Commercial,Oui,97
166,16661123-8764,24.9,62,Commercial,Non,17
167,16661124-0695,12.0,66,Consultant,Oui,46
168,16670406-9274,7.5,6,RH,Non,90
169,16670913-0147,0.8,8,Compta Finances,Oui,45
170,16671208-2624,8.2,65,Marketing,Oui,1
171,16680515-6269,16.8,60,Marketing,Oui,38
172,16681012-6406,5.5,43,Consultant,Non,47
173,16690714-7836,1.1,9,Marketing,Oui,96
174,16691022-5702,20.1,12,Consultant,Non,25
175,16700908-2889,9.2,21,Commercial,Oui,79
176,16700930-1784,20.6,13,Marketing,Oui,99
177,16710125-5136,12.8,20,Commercial,Oui,52
178,16710204-1402,20.4,55,RH,Non,78
179,16710920-7451,15.7,48,Consultant,Non,50
180,16711027-7246,6.5,68,Consultant,Oui,89
181,16720410-2094,10.8,27,Commercial,Oui,78
182,16720411-0782,16.2,21,Consultant,Oui,3
183,16720627-1632,8.3,50,R&D,Non,93
184,16721116-8286,21.6,14,Commercial,Oui,62
185,16721204-5277,21.1,61,Consultant,Oui,1
186,16730908-9915,23.0,3,Compta Finances,Oui,65
187,16730918-6273,0.6,14,Marketing,Oui,70
188,16731208-8904,9.7,30,RH,Non,29
189,16740208-0084,1.9,15,Commercial,Oui,76
190,16740413-0572,10.7,30,RH,Oui,1
191,16741025-9738,16.2,66,RH,Non,46
192,16750302-5590,23.9,47,Commercial,Oui,86
193,16750821-7945,7.4,62,Consultant,Oui,72
194,16760117-3029,10.3,31,Compta Finances,Non,32
195,16760706-4982,19.0,3,Compta Finances,Non,15
196,16761028-0344,7.3,9,Consultant,Oui,51
197,16761104-5282,6.3,17,Consultant,Oui,30
198,16770513-2772,3.8,30,Consultant,Non,77
199,16770802-4604,0.4,17,Consultant,Oui,24
200,16770921-1705,4.2,40,R&D,Oui,4
201,16780226-1060,8.2,25,Compta Finances,Non,17
202,16781122-5775,22.4,48,Marketing,Non,81
203,16790704-0179,1.7,60,Commercial,Oui,58
204,16800116-6613,23.9,37,Marketing,Non,1
205,16810204-2564,9.1,46,R&D,Oui,74
206,16810230-7785,2.5,55,Marketing,Non,67
207,16810711-6330,1.4,67,Marketing,Non,19
208,16810725-6144,5.8,59,RH,Oui,46
209,16810820-7468,1.4,42,Consultant,Non,18
210,16820319-6442,17.2,11,Compta Finances,Oui,56
211,16820517-1112,17.4,42,Consultant,Oui,90
212,16820525-6301,17.1,43,Consultant,Non,69
213,16820814-8992,15.7,29,Compta Finances,Non,70
214,16820822-2953,9.3,45,Consultant,Non,95
215,16830122-2462,15.6,24,Commercial,Non,80
216,16831218-0485,3.7,26,RH,Oui,6
217,16840316-2442,6.0,67,Compta Finances,Oui,70
218,16850330-5826,18.4,64,Commercial,Non,11
219,16850430-6617,15.7,45,RH,Non,80
220,16851208-5567,23.7,38,Consultant,Oui,15
221,16860412-1965,24.4,8,Consultant,Non,36
222,16861012-1389,24.0,60,RH,Oui,92
223,16870824-4853,8.2,13,Marketing,Oui,22
224,16880121-1056,22.8,38,Marketing,Oui,70
225,16890313-1335,6.8,18,Commercial,Oui,67
226,16890714-6248,10.3,11,Consultant,Oui,87
227,16891006-1830,3.1,13,RH,Non,65
228,16891013-6921,9.2,44,RH,Oui,88
229,16891203-4397,1.3,43,Consultant,Oui,6
230,16891227-4985,5.3,60,Compta Finances,Oui,12
231,16900402-0286,15.6,65,Marketing,Oui,64
232,16900610-6265,5.8,44,R&D,Oui,8
233,16910501-3081,15.8,46,Commercial,Oui,60
234,16910810-9712,12.2,28,Consultant,Oui,45
235,16910826-9763,8.4,17,Consultant,Oui,51
236,16910902-6667,16.3,28,Compta Finances,Oui,32
237,16920105-1209,25.0,58,Consultant,Non,19
238,16920219-1855,3.2,15,Consultant,Oui,60
239,16920528-2461,15.2,31,R&D,Non,35
240,16920713-6616,23.3,9,Marketing,Non,81
241,16920917-6040,13.1,27,Commercial,Oui,56
242,16931009-2151,20.0,8,R&D,Non,31
243,16931211-0175,22.4,64,Commercial,Non,15
244,16940414-0312,20.2,53,Consultant,Non,24
245,16940521-7028,5.9,70,RH,Oui,7
246,16950514-2464,18.9,69,Compta Finances,Oui,89
247,16950828-2259,7.5,60,Marketing,Non,25
248,16951117-9468,8.2,43,RH,Oui,48
249,16960619-9017,17.8,56,Marketing,Oui,34
250,16960628-0338,10.5,6,Commercial,Non,47
251,16960906-7989,3.3,15,R&D,Oui,81
252,16970415-1050,21.7,59,Consultant,Non,98
253,16981206-3817,13.0,68,RH,Oui,62
254,16990414-3527,10.8,32,Consultant,Non,39
255,16990924-2829,22.5,69,Consultant,Non,60
